Item Code,Description,Qty On Hand,Qty Available,Warehouse,Report Date
DRY-5,"Roll-top dry bag 5L",180,180,LEEDS,22/09/2026 07:00
DRY-10,"Roll-top dry bag 10L",240,240,LEEDS,22/09/2026 07:00
DRY-20,"Roll-top dry bag 20L",120,120,LEEDS,22/09/2026 07:00
BTL-500,"Steel bottle 500ml",300,300,LEEDS,22/09/2026 07:00
BTL-750,"Steel bottle 750ml",260,260,LEEDS,22/09/2026 07:00
BTL-1L,"Steel bottle 1L",150,150,LEEDS,22/09/2026 07:00
TORCH-LITE,"Head torch Lite",140,140,LEEDS,22/09/2026 07:00
TORCH-PRO,"Head torch Pro",90,90,LEEDS,22/09/2026 07:00
SOCK-MOSS-S,"Merino sock Moss / S",200,200,LEEDS,22/09/2026 07:00
SOCK-MOSS-M,"Merino sock Moss / M",320,320,LEEDS,22/09/2026 07:00
SOCK-MOSS-L,"Merino sock Moss / L",210,210,LEEDS,22/09/2026 07:00
SOCK-SLATE-M,"Merino sock Slate / M",260,260,LEEDS,22/09/2026 07:00
BEAN-NAVY,"Fern beanie Navy",163,160,LEEDS,22/09/2026 07:00
BEAN-MOSS,"Fern beanie Moss",130,130,LEEDS,22/09/2026 07:00
BEAN-EMBER,"Fern beanie Ember",110,110,LEEDS,22/09/2026 07:00
TEE-BLK-S,"Heavyweight tee Black / S",120,120,LEEDS,22/09/2026 07:00
TEE-BLK-M,"Heavyweight tee Black / M",210,210,LEEDS,22/09/2026 07:00
TEE-BLK-L,"Heavyweight tee Black / L",170,170,LEEDS,22/09/2026 07:00
TEE-BLK-XL,"Heavyweight tee Black / XL",90,90,LEEDS,22/09/2026 07:00
TEE-SND-M,"Heavyweight tee Sand / M",140,140,LEEDS,22/09/2026 07:00
TEE-SND-L,"Heavyweight tee Sand / L",130,130,LEEDS,22/09/2026 07:00
HOOD-GRY-M,"Trail hoodie Grey / M",80,80,LEEDS,22/09/2026 07:00
HOOD-GRY-L,"Trail hoodie Grey / L",95,95,LEEDS,22/09/2026 07:00
HOOD-GRY-XL,"Trail hoodie Grey / XL",60,60,LEEDS,22/09/2026 07:00
TOTE-NAT,"Canvas tote Natural",200,200,LEEDS,22/09/2026 07:00
MUG-WHT,"Enamel mug White",190,190,LEEDS,22/09/2026 07:00
MUG-GRN,"Enamel mug Green",150,150,LEEDS,22/09/2026 07:00
TWL-M,"Trek towel M",110,110,LEEDS,22/09/2026 07:00
TWL-L,"Trek towel L",100,100,LEEDS,22/09/2026 07:00
CARAB-2,"Carabiner, 2 pack",400,400,LEEDS,22/09/2026 07:00
FIRE-STL,"Fire steel",160,160,LEEDS,22/09/2026 07:00
STICK-PK,"Sticker pack",900,900,LEEDS,22/09/2026 07:00
MAP-LAKES,"Waterproof map Lakes",140,140,LEEDS,22/09/2026 07:00
MAP-PEAKS,"Waterproof map Peaks",120,120,LEEDS,22/09/2026 07:00
STOVE-1,"Pocket stove",70,70,LEEDS,22/09/2026 07:00
FUEL-230,"Gas canister 230g",220,220,LEEDS,22/09/2026 07:00
POLES-PR,"Trek poles Pair",45,45,LEEDS,22/09/2026 07:00
MAT-LITE,"Sleeping mat Lite",55,55,LEEDS,22/09/2026 07:00
LANT-MINI,"Mini lantern",100,100,LEEDS,22/09/2026 07:00
CAP-BLK,"Trail cap Black",12,12,LEEDS,22/09/2026 07:00
PIN-ENAMEL,Enamel pin badge,120,120,LEEDS,22/09/2026 07:00
