sku,cost
DRY-5,4.60
DRY-10,6.10
DRY-20,8.40
BTL-500,4.10
BTL-750,5.20
BTL-1L,6.30
TORCH-LITE,7.80
TORCH-PRO,14.90
SOCK-MOSS-S,3.40
SOCK-MOSS-M,3.40
SOCK-MOSS-L,3.40
SOCK-SLATE-M,3.40
BEAN-NAVY,4.10
BEAN-MOSS,4.10
BEAN-EMBER,4.10
TEE-BLK-S,6.40
TEE-BLK-M,6.40
TEE-BLK-L,6.40
TEE-BLK-XL,6.40
TEE-SND-M,6.40
TEE-SND-L,6.40
HOOD-GRY-M,14.80
HOOD-GRY-L,14.80
HOOD-GRY-XL,14.80
TOTE-NAT,2.90
MUG-WHT,3.20
MUG-GRN,3.20
TWL-M,7.20
TWL-L,9.90
CARAB-2,2.10
FIRE-STL,3.30
STICK-PK,0.35
MAP-LAKES,2.80
MAP-PEAKS,2.80
STOVE-1,11.50
FUEL-230,3.90
POLES-PR,18.40
MAT-LITE,16.20
LANT-MINI,6.70
CAP-BLK,5.20
PIN-ENAMEL,0.85
